ts_iso,epoch,value
2026-02-19T11:28:55,1771496935,0.000000
2026-02-19T11:28:57,1771496937,3.900000
2026-02-19T11:28:59,1771496939,4.100000
2026-02-19T11:29:01,1771496941,5.400000
2026-02-19T11:29:03,1771496943,8.700000
2026-02-19T11:29:05,1771496945,9.000000
2026-02-19T11:29:07,1771496947,3.500000
2026-02-19T11:29:09,1771496949,4.400000
2026-02-19T11:29:11,1771496951,3.600000
2026-02-19T11:29:13,1771496953,5.900000
2026-02-19T11:29:15,1771496955,5.800000
2026-02-19T11:29:17,1771496957,9.900000
2026-02-19T11:29:19,1771496959,3.200000
2026-02-19T11:29:21,1771496961,6.200000
2026-02-19T11:29:23,1771496963,7.100000
2026-02-19T11:29:26,1771496966,3.900000
2026-02-19T11:29:28,1771496968,3.100000
2026-02-19T11:29:30,1771496970,5.000000
2026-02-19T11:29:32,1771496972,4.200000
2026-02-19T11:29:34,1771496974,4.800000
2026-02-19T11:29:36,1771496976,3.800000
2026-02-19T11:29:38,1771496978,4.100000
2026-02-19T11:29:40,1771496980,3.500000
2026-02-19T11:29:42,1771496982,5.500000
2026-02-19T11:29:44,1771496984,3.700000
2026-02-19T11:29:46,1771496986,7.000000
2026-02-19T11:29:48,1771496988,5.200000
2026-02-19T11:29:50,1771496990,3.300000
2026-02-19T11:29:52,1771496992,5.100000
2026-02-19T11:29:54,1771496994,6.400000
2026-02-19T11:29:56,1771496996,4.000000
2026-02-19T11:29:58,1771496998,4.700000
2026-02-19T11:30:00,1771497000,7.100000
2026-02-19T11:30:02,1771497002,3.900000
2026-02-19T11:30:04,1771497004,6.400000
2026-02-19T11:30:04,1771497004,0.000000
2026-02-19T11:30:06,1771497006,6.500000
2026-02-19T11:30:06,1771497006,4.400000
2026-02-19T11:30:08,1771497008,3.700000
2026-02-19T11:30:08,1771497008,3.900000
2026-02-19T11:30:10,1771497010,4.100000
2026-02-19T11:30:10,1771497010,3.400000
2026-02-19T11:30:12,1771497012,5.600000
2026-02-19T11:30:12,1771497012,6.400000
2026-02-19T11:30:14,1771497014,5.200000
2026-02-19T11:30:14,1771497014,4.700000
2026-02-19T11:30:16,1771497016,5.300000
2026-02-19T11:30:16,1771497016,5.400000
2026-02-19T11:30:18,1771497018,4.700000
2026-02-19T11:30:18,1771497018,4.100000
2026-02-19T11:30:20,1771497020,3.000000
2026-02-19T11:30:20,1771497020,3.700000
2026-02-19T11:30:22,1771497022,7.000000
2026-02-19T11:30:22,1771497022,6.300000
2026-02-19T11:30:24,1771497024,2.900000
2026-02-19T11:30:24,1771497024,3.500000
2026-02-19T11:30:26,1771497026,5.500000
2026-02-19T11:30:26,1771497026,4.900000
2026-02-19T11:30:28,1771497028,5.400000
2026-02-19T11:30:28,1771497028,5.200000
2026-02-19T11:30:30,1771497030,4.200000
2026-02-19T11:30:30,1771497030,4.700000
2026-02-19T11:30:32,1771497032,6.500000
2026-02-19T11:30:32,1771497032,6.000000
2026-02-19T11:30:34,1771497034,4.600000
2026-02-19T11:30:34,1771497034,5.200000
2026-02-19T11:30:36,1771497036,8.100000
2026-02-19T11:30:36,1771497036,9.200000
2026-02-19T11:30:38,1771497038,7.100000
2026-02-19T11:30:38,1771497038,6.400000
2026-02-19T11:30:40,1771497040,4.300000
2026-02-19T11:30:40,1771497040,4.100000
2026-02-19T11:30:42,1771497042,5.600000
2026-02-19T11:30:42,1771497042,5.500000
2026-02-19T11:30:44,1771497044,6.500000
2026-02-19T11:30:44,1771497044,6.800000
2026-02-19T11:30:46,1771497046,6.100000
2026-02-19T11:30:46,1771497046,6.000000
2026-02-19T11:30:48,1771497048,7.400000
2026-02-19T11:30:48,1771497048,7.900000
2026-02-19T11:30:50,1771497050,11.400000
2026-02-19T11:30:50,1771497050,11.800000
2026-02-19T11:30:52,1771497052,9.600000
2026-02-19T11:30:52,1771497052,10.400000
2026-02-19T11:30:54,1771497054,9.100000
2026-02-19T11:30:54,1771497054,9.400000
2026-02-19T11:30:56,1771497056,11.700000
2026-02-19T11:30:56,1771497056,9.200000
2026-02-19T11:30:58,1771497058,3.200000
2026-02-19T11:30:58,1771497058,3.300000
2026-02-19T11:31:00,1771497060,5.200000
2026-02-19T11:31:00,1771497060,5.600000
2026-02-19T11:31:02,1771497062,4.400000
2026-02-19T11:31:02,1771497062,4.600000
2026-02-19T11:31:04,1771497064,3.600000
2026-02-19T11:31:04,1771497064,3.000000
2026-02-19T11:31:06,1771497066,5.200000
2026-02-19T11:31:06,1771497066,5.000000
2026-02-19T11:31:08,1771497068,4.500000
2026-02-19T11:31:08,1771497068,4.800000
2026-02-19T11:31:10,1771497070,4.500000
2026-02-19T11:31:10,1771497070,4.700000
2026-02-19T11:31:12,1771497072,4.000000
2026-02-19T11:31:12,1771497072,5.000000
2026-02-19T11:31:14,1771497074,7.500000
2026-02-19T11:31:14,1771497074,8.100000
2026-02-19T11:31:16,1771497076,10.400000
2026-02-19T11:31:16,1771497076,8.600000
2026-02-19T11:31:18,1771497078,9.800000
2026-02-19T11:31:18,1771497078,9.700000
2026-02-19T11:31:20,1771497080,5.900000
2026-02-19T11:31:20,1771497080,6.500000
2026-02-19T11:31:22,1771497082,3.800000
2026-02-19T11:31:22,1771497082,3.200000
2026-02-19T11:31:24,1771497084,3.400000
2026-02-19T11:31:24,1771497084,3.600000
2026-02-19T11:31:26,1771497086,6.200000
2026-02-19T11:31:26,1771497086,6.400000
2026-02-19T11:31:28,1771497088,4.700000
2026-02-19T11:31:28,1771497088,4.200000
2026-02-19T11:31:30,1771497090,9.500000
2026-02-19T11:31:30,1771497090,9.700000
2026-02-19T11:31:32,1771497092,7.500000
2026-02-19T11:31:32,1771497092,8.900000
2026-02-19T11:31:34,1771497094,7.000000
2026-02-19T11:31:34,1771497094,5.700000
2026-02-19T11:31:36,1771497096,4.600000
2026-02-19T11:31:36,1771497096,4.800000
2026-02-19T11:31:38,1771497098,3.600000
2026-02-19T11:31:38,1771497098,4.500000
2026-02-19T11:31:40,1771497100,5.800000
2026-02-19T11:31:40,1771497100,4.600000
2026-02-19T11:31:42,1771497102,4.400000
2026-02-19T11:31:42,1771497102,4.900000
2026-02-19T11:31:44,1771497104,3.500000
2026-02-19T11:31:44,1771497104,4.200000
2026-02-19T11:31:46,1771497106,5.100000
2026-02-19T11:31:46,1771497106,5.700000
2026-02-19T11:31:48,1771497108,6.600000
2026-02-19T11:31:48,1771497108,5.500000
2026-02-19T11:31:50,1771497110,10.500000
2026-02-19T11:31:50,1771497110,10.600000
2026-02-19T11:31:52,1771497112,5.900000
2026-02-19T11:31:52,1771497112,5.700000
2026-02-19T11:31:54,1771497114,4.800000
2026-02-19T11:31:54,1771497114,4.100000
2026-02-19T11:31:56,1771497116,4.600000
2026-02-19T11:31:56,1771497116,4.500000
2026-02-19T11:31:58,1771497118,9.100000
2026-02-19T11:31:58,1771497118,9.600000
2026-02-19T11:32:00,1771497120,3.800000
2026-02-19T11:32:00,1771497120,4.100000
2026-02-19T11:32:02,1771497122,3.700000
2026-02-19T11:32:02,1771497122,4.900000
2026-02-19T11:32:04,1771497124,9.000000
2026-02-19T11:32:04,1771497124,7.100000
2026-02-19T11:32:06,1771497126,6.500000
2026-02-19T11:32:06,1771497126,8.300000
2026-02-19T11:32:08,1771497128,7.700000
2026-02-19T11:32:09,1771497129,5.900000
2026-02-19T11:32:10,1771497130,11.600000
2026-02-19T11:32:11,1771497131,15.900000
2026-02-19T11:32:12,1771497132,17.300000
2026-02-19T11:32:13,1771497133,14.600000
2026-02-19T11:32:14,1771497134,12.000000
2026-02-19T11:32:15,1771497135,11.600000
2026-02-19T11:32:16,1771497136,8.300000
2026-02-19T11:32:17,1771497137,7.800000
2026-02-19T11:32:18,1771497138,7.700000
2026-02-19T11:32:19,1771497139,7.900000
2026-02-19T11:32:20,1771497140,8.300000
2026-02-19T11:32:21,1771497141,8.700000
2026-02-19T11:32:22,1771497142,6.200000
2026-02-19T11:32:23,1771497143,6.100000
2026-02-19T11:32:24,1771497144,8.500000
2026-02-19T11:32:25,1771497145,7.900000
2026-02-19T11:32:26,1771497146,10.200000
2026-02-19T11:32:27,1771497147,10.600000
2026-02-19T11:32:28,1771497148,11.900000
2026-02-19T11:32:29,1771497149,12.200000
2026-02-19T11:32:30,1771497150,9.600000
2026-02-19T11:32:31,1771497151,10.300000
2026-02-19T11:32:32,1771497152,12.100000
2026-02-19T11:32:33,1771497153,11.800000
2026-02-19T11:32:34,1771497154,12.900000
2026-02-19T11:32:35,1771497155,13.400000
2026-02-19T11:32:36,1771497156,12.500000
2026-02-19T11:32:37,1771497157,11.900000
2026-02-19T11:32:38,1771497158,10.000000
2026-02-19T11:32:39,1771497159,9.500000
2026-02-19T11:32:40,1771497160,10.700000
2026-02-19T11:32:41,1771497161,10.900000
2026-02-19T11:32:42,1771497162,10.300000
2026-02-19T11:32:43,1771497163,10.800000
2026-02-19T11:32:44,1771497164,14.500000
2026-02-19T11:32:45,1771497165,14.600000
2026-02-19T11:32:46,1771497166,10.800000
2026-02-19T11:32:47,1771497167,12.100000
2026-02-19T11:32:48,1771497168,17.400000
2026-02-19T11:32:49,1771497169,16.000000
2026-02-19T11:32:50,1771497170,12.700000
2026-02-19T11:32:51,1771497171,12.200000
2026-02-19T11:32:52,1771497172,12.100000
2026-02-19T11:32:53,1771497173,11.900000
2026-02-19T11:32:54,1771497174,11.100000
2026-02-19T11:32:55,1771497175,11.000000
2026-02-19T11:32:56,1771497176,9.600000
2026-02-19T11:32:57,1771497177,11.500000
2026-02-19T11:32:58,1771497178,11.300000
2026-02-19T11:32:59,1771497179,9.500000
2026-02-19T11:33:00,1771497180,12.400000
2026-02-19T11:33:01,1771497181,13.500000
2026-02-19T11:33:02,1771497182,11.300000
2026-02-19T11:33:03,1771497183,10.000000
2026-02-19T11:33:04,1771497184,9.200000
2026-02-19T11:33:05,1771497185,9.100000
2026-02-19T11:33:06,1771497186,14.500000
2026-02-19T11:33:07,1771497187,14.400000
2026-02-19T11:33:08,1771497188,10.000000
2026-02-19T11:33:09,1771497189,10.800000
2026-02-19T11:33:10,1771497190,10.900000
2026-02-19T11:33:11,1771497191,11.700000
2026-02-19T11:33:12,1771497192,13.500000
2026-02-19T11:33:13,1771497193,12.600000
2026-02-19T11:33:14,1771497194,10.400000
2026-02-19T11:33:15,1771497195,9.100000
2026-02-19T11:33:16,1771497196,6.400000
2026-02-19T11:33:17,1771497197,5.900000
2026-02-19T11:33:18,1771497198,7.700000
2026-02-19T11:33:19,1771497199,9.100000
2026-02-19T11:33:20,1771497200,12.100000
2026-02-19T11:33:21,1771497201,11.800000
2026-02-19T11:33:22,1771497202,10.800000
2026-02-19T11:33:23,1771497203,11.800000
2026-02-19T11:33:24,1771497204,11.100000
2026-02-19T11:33:25,1771497205,10.000000
2026-02-19T11:33:26,1771497206,11.400000
2026-02-19T11:33:27,1771497207,11.800000
2026-02-19T11:33:28,1771497208,9.200000
2026-02-19T11:33:29,1771497209,8.700000
2026-02-19T11:33:31,1771497211,11.800000
2026-02-19T11:33:31,1771497211,12.700000
2026-02-19T11:33:33,1771497213,10.000000
2026-02-19T11:33:33,1771497213,9.400000
2026-02-19T11:33:35,1771497215,9.000000
2026-02-19T11:33:35,1771497215,9.400000
2026-02-19T11:33:37,1771497217,13.100000
2026-02-19T11:33:37,1771497217,12.700000
2026-02-19T11:33:39,1771497219,9.600000
2026-02-19T11:33:39,1771497219,9.800000
2026-02-19T11:33:41,1771497221,11.500000
2026-02-19T11:33:41,1771497221,11.000000
2026-02-19T11:33:43,1771497223,9.600000
2026-02-19T11:33:43,1771497223,10.600000
2026-02-19T11:33:45,1771497225,12.000000
2026-02-19T11:33:45,1771497225,11.500000
2026-02-19T11:33:47,1771497227,10.700000
2026-02-19T11:33:47,1771497227,11.500000
2026-02-19T11:33:49,1771497229,11.400000
2026-02-19T11:33:49,1771497229,11.200000
2026-02-19T11:33:51,1771497231,11.900000
2026-02-19T11:33:51,1771497231,11.700000
2026-02-19T11:33:53,1771497233,10.700000
2026-02-19T11:33:53,1771497233,10.400000
2026-02-19T11:33:55,1771497235,5.900000
2026-02-19T11:33:55,1771497235,5.000000
2026-02-19T11:33:57,1771497237,10.200000
2026-02-19T11:33:57,1771497237,11.700000
2026-02-19T11:33:59,1771497239,11.500000
2026-02-19T11:33:59,1771497239,10.400000
2026-02-19T11:34:01,1771497241,6.100000
2026-02-19T11:34:01,1771497241,5.600000
2026-02-19T11:34:03,1771497243,5.100000
2026-02-19T11:34:03,1771497243,4.700000
2026-02-19T11:34:05,1771497245,3.600000
2026-02-19T11:34:05,1771497245,3.800000
2026-02-19T11:34:07,1771497247,4.600000
2026-02-19T11:34:07,1771497247,4.900000
2026-02-19T11:34:09,1771497249,5.300000
2026-02-19T11:34:09,1771497249,5.100000
2026-02-19T11:34:11,1771497251,7.400000
2026-02-19T11:34:11,1771497251,7.400000
2026-02-19T11:34:13,1771497253,5.300000
2026-02-19T11:34:13,1771497253,5.000000
2026-02-19T11:34:15,1771497255,6.600000
2026-02-19T11:34:15,1771497255,7.000000
2026-02-19T11:34:17,1771497257,4.200000
2026-02-19T11:34:17,1771497257,4.700000
2026-02-19T11:34:19,1771497259,7.000000
2026-02-19T11:34:19,1771497259,6.100000
2026-02-19T11:34:21,1771497261,5.500000
2026-02-19T11:34:21,1771497261,5.900000
2026-02-19T11:34:23,1771497263,5.800000
2026-02-19T11:34:23,1771497263,6.100000
2026-02-19T11:34:25,1771497265,8.000000
2026-02-19T11:34:25,1771497265,8.000000
2026-02-19T11:34:27,1771497267,7.000000
2026-02-19T11:34:27,1771497267,7.000000
2026-02-19T11:34:29,1771497269,6.800000
2026-02-19T11:34:29,1771497269,6.600000
2026-02-19T11:34:31,1771497271,4.000000
2026-02-19T11:34:31,1771497271,4.200000
2026-02-19T11:34:33,1771497273,5.900000
2026-02-19T11:34:33,1771497273,5.900000
2026-02-19T11:34:35,1771497275,4.800000
2026-02-19T11:34:35,1771497275,4.700000
2026-02-19T11:34:37,1771497277,4.700000
2026-02-19T11:34:37,1771497277,4.600000
2026-02-19T11:34:39,1771497279,4.900000
2026-02-19T11:34:39,1771497279,4.900000
2026-02-19T11:34:41,1771497281,4.500000
2026-02-19T11:34:41,1771497281,4.100000
2026-02-19T11:34:43,1771497283,3.600000
2026-02-19T11:34:43,1771497283,3.700000
2026-02-19T11:34:45,1771497285,4.900000
2026-02-19T11:34:45,1771497285,7.100000
2026-02-19T11:34:47,1771497287,11.600000
2026-02-19T11:34:47,1771497287,11.500000
2026-02-19T11:34:49,1771497289,10.900000
2026-02-19T11:34:49,1771497289,10.400000
2026-02-19T11:34:51,1771497291,15.500000
2026-02-19T11:34:51,1771497291,16.600000
2026-02-19T11:34:53,1771497293,15.300000
2026-02-19T11:34:53,1771497293,14.800000
2026-02-19T11:34:55,1771497295,16.500000
2026-02-19T11:34:55,1771497295,16.600000
2026-02-19T11:34:57,1771497297,12.200000
2026-02-19T11:34:57,1771497297,12.600000
2026-02-19T11:34:59,1771497299,15.300000
2026-02-19T11:34:59,1771497299,13.900000
2026-02-19T11:35:01,1771497301,9.800000
2026-02-19T11:35:01,1771497301,9.600000
2026-02-19T11:35:03,1771497303,11.500000
2026-02-19T11:35:03,1771497303,12.600000
2026-02-19T11:35:05,1771497305,12.400000
2026-02-19T11:35:05,1771497305,12.600000
2026-02-19T11:35:07,1771497307,12.100000
2026-02-19T11:35:07,1771497307,10.600000
2026-02-19T11:35:09,1771497309,9.700000
2026-02-19T11:35:09,1771497309,10.300000
2026-02-19T11:35:11,1771497311,10.500000
2026-02-19T11:35:11,1771497311,9.900000
2026-02-19T11:35:13,1771497313,8.800000
2026-02-19T11:35:13,1771497313,9.700000
2026-02-19T11:35:15,1771497315,10.200000
2026-02-19T11:35:15,1771497315,10.100000
2026-02-19T11:35:17,1771497317,11.300000
2026-02-19T11:35:17,1771497317,11.100000
2026-02-19T11:35:19,1771497319,10.400000
2026-02-19T11:35:19,1771497319,9.800000
2026-02-19T11:35:21,1771497321,10.500000
2026-02-19T11:35:21,1771497321,11.100000
2026-02-19T11:35:23,1771497323,11.700000
2026-02-19T11:35:23,1771497323,11.600000
2026-02-19T11:35:25,1771497325,10.600000
2026-02-19T11:35:25,1771497325,10.300000
2026-02-19T11:35:27,1771497327,9.900000
2026-02-19T11:35:27,1771497327,9.900000
2026-02-19T11:35:29,1771497329,10.700000
2026-02-19T11:35:29,1771497329,10.900000
2026-02-19T11:35:31,1771497331,11.600000
2026-02-19T11:35:31,1771497331,11.600000
2026-02-19T11:35:33,1771497333,9.500000
2026-02-19T11:35:33,1771497333,9.000000
2026-02-19T11:35:35,1771497335,12.400000
2026-02-19T11:35:35,1771497335,12.600000
2026-02-19T11:35:37,1771497337,9.100000
2026-02-19T11:35:37,1771497337,8.900000
2026-02-19T11:35:39,1771497339,10.600000
2026-02-19T11:35:39,1771497339,11.000000
2026-02-19T11:35:41,1771497341,12.000000
2026-02-19T11:35:41,1771497341,12.600000
2026-02-19T11:35:43,1771497343,10.500000
2026-02-19T11:35:43,1771497343,9.900000
2026-02-19T11:35:45,1771497345,9.500000
2026-02-19T11:35:45,1771497345,9.400000
2026-02-19T11:35:47,1771497347,13.000000
2026-02-19T11:35:47,1771497347,13.100000
2026-02-19T11:35:49,1771497349,10.100000
2026-02-19T11:35:49,1771497349,10.000000
2026-02-19T11:35:51,1771497351,11.400000
2026-02-19T11:35:51,1771497351,11.500000
2026-02-19T11:35:53,1771497353,10.100000
2026-02-19T11:35:53,1771497353,10.200000
2026-02-19T11:35:55,1771497355,10.300000
2026-02-19T11:35:55,1771497355,10.300000
2026-02-19T11:35:57,1771497357,7.300000
2026-02-19T11:35:57,1771497357,7.400000
2026-02-19T11:35:59,1771497359,9.800000
2026-02-19T11:35:59,1771497359,9.600000
2026-02-19T11:36:01,1771497361,10.000000
2026-02-19T11:36:01,1771497361,9.900000
2026-02-19T11:36:03,1771497363,7.700000
2026-02-19T11:36:04,1771497364,7.700000
2026-02-19T11:36:05,1771497365,6.200000
2026-02-19T11:36:06,1771497366,6.100000
2026-02-19T11:36:07,1771497367,9.400000
2026-02-19T11:36:08,1771497368,9.700000
2026-02-19T11:36:09,1771497369,7.000000
2026-02-19T11:36:10,1771497370,6.000000
2026-02-19T11:36:11,1771497371,7.600000
2026-02-19T11:36:12,1771497372,10.100000
2026-02-19T11:36:13,1771497373,6.700000
2026-02-19T11:36:14,1771497374,4.600000
2026-02-19T11:36:15,1771497375,5.200000
2026-02-19T11:36:16,1771497376,4.400000
2026-02-19T11:36:17,1771497377,9.400000
2026-02-19T11:36:18,1771497378,10.900000
2026-02-19T11:36:19,1771497379,9.600000
2026-02-19T11:36:20,1771497380,9.100000
2026-02-19T11:36:21,1771497381,10.200000
2026-02-19T11:36:22,1771497382,8.900000
2026-02-19T11:36:23,1771497383,6.400000
2026-02-19T11:36:24,1771497384,7.300000
2026-02-19T11:36:25,1771497385,8.300000
2026-02-19T11:36:26,1771497386,8.400000
2026-02-19T11:36:27,1771497387,5.100000
2026-02-19T11:36:28,1771497388,4.500000
2026-02-19T11:36:29,1771497389,8.400000
2026-02-19T11:36:30,1771497390,9.200000
2026-02-19T11:36:31,1771497391,9.000000
2026-02-19T11:36:32,1771497392,9.200000
2026-02-19T11:36:33,1771497393,6.200000
2026-02-19T11:36:34,1771497394,5.000000
2026-02-19T11:36:35,1771497395,5.500000
2026-02-19T11:36:36,1771497396,5.100000
2026-02-19T11:36:37,1771497397,4.800000
2026-02-19T11:36:38,1771497398,6.100000
2026-02-19T11:36:39,1771497399,6.000000
2026-02-19T11:36:40,1771497400,6.400000
2026-02-19T11:36:41,1771497401,7.000000
2026-02-19T11:36:42,1771497402,6.700000
2026-02-19T11:36:43,1771497403,6.600000
2026-02-19T11:36:44,1771497404,6.900000
2026-02-19T11:36:45,1771497405,11.200000
2026-02-19T11:36:46,1771497406,10.800000
2026-02-19T11:36:47,1771497407,9.700000
2026-02-19T11:36:48,1771497408,10.300000
2026-02-19T11:36:49,1771497409,9.600000
2026-02-19T11:36:50,1771497410,9.100000
2026-02-19T11:36:51,1771497411,6.000000
2026-02-19T11:36:52,1771497412,6.000000
2026-02-19T11:36:53,1771497413,7.600000
2026-02-19T11:36:54,1771497414,8.500000
2026-02-19T11:36:55,1771497415,8.800000
2026-02-19T11:36:56,1771497416,6.500000
2026-02-19T11:36:57,1771497417,4.900000
2026-02-19T11:36:58,1771497418,5.500000
2026-02-19T11:36:59,1771497419,4.300000
2026-02-19T11:37:00,1771497420,3.900000
2026-02-19T11:37:01,1771497421,3.200000
2026-02-19T11:37:02,1771497422,3.100000
2026-02-19T11:37:03,1771497423,2.400000
2026-02-19T11:37:04,1771497424,3.200000
2026-02-19T11:37:05,1771497425,8.100000
2026-02-19T11:37:06,1771497426,8.800000
2026-02-19T11:37:07,1771497427,12.500000
2026-02-19T11:37:08,1771497428,12.900000
2026-02-19T11:37:09,1771497429,9.300000
2026-02-19T11:37:10,1771497430,9.600000
2026-02-19T11:37:11,1771497431,9.400000
2026-02-19T11:37:12,1771497432,7.500000
2026-02-19T11:37:13,1771497433,7.000000
2026-02-19T11:37:14,1771497434,8.800000
2026-02-19T11:37:15,1771497435,7.000000
2026-02-19T11:37:16,1771497436,8.000000
2026-02-19T11:37:17,1771497437,8.900000
2026-02-19T11:37:18,1771497438,6.000000
2026-02-19T11:37:19,1771497439,6.900000
2026-02-19T11:37:20,1771497440,8.600000
2026-02-19T11:37:21,1771497441,9.600000
2026-02-19T11:37:22,1771497442,8.300000
2026-02-19T11:37:23,1771497443,5.000000
2026-02-19T11:37:24,1771497444,5.000000
2026-02-19T11:37:25,1771497445,6.400000
2026-02-19T11:37:26,1771497446,6.500000
2026-02-19T11:37:27,1771497447,4.900000
2026-02-19T11:37:28,1771497448,4.700000
2026-02-19T11:37:29,1771497449,3.800000
2026-02-19T11:37:30,1771497450,4.300000
2026-02-19T11:37:31,1771497451,6.300000
2026-02-19T11:37:32,1771497452,6.400000
2026-02-19T11:37:33,1771497453,7.700000
2026-02-19T11:37:34,1771497454,10.100000
2026-02-19T11:37:35,1771497455,11.200000
2026-02-19T11:37:36,1771497456,8.800000
2026-02-19T11:37:37,1771497457,7.000000
2026-02-19T11:37:38,1771497458,6.700000
2026-02-19T11:37:39,1771497459,7.700000
2026-02-19T11:37:40,1771497460,7.600000
2026-02-19T11:37:41,1771497461,6.500000
2026-02-19T11:37:42,1771497462,8.000000
2026-02-19T11:37:43,1771497463,6.800000
2026-02-19T11:37:44,1771497464,6.000000
2026-02-19T11:37:45,1771497465,7.300000
2026-02-19T11:37:46,1771497466,6.700000
2026-02-19T11:37:47,1771497467,6.300000
2026-02-19T11:37:48,1771497468,5.500000
2026-02-19T11:37:49,1771497469,3.200000
2026-02-19T11:37:50,1771497470,3.400000
2026-02-19T11:37:51,1771497471,6.000000
2026-02-19T11:37:52,1771497472,5.400000
2026-02-19T11:37:54,1771497474,5.700000
2026-02-19T11:37:54,1771497474,8.300000
2026-02-19T11:37:56,1771497476,14.700000
2026-02-19T11:37:56,1771497476,13.300000
2026-02-19T11:37:58,1771497478,9.300000
2026-02-19T11:37:58,1771497478,9.200000
2026-02-19T11:38:00,1771497480,3.700000
2026-02-19T11:38:00,1771497480,3.200000
2026-02-19T11:38:02,1771497482,4.600000
2026-02-19T11:38:02,1771497482,4.700000
2026-02-19T11:38:04,1771497484,4.200000
2026-02-19T11:38:04,1771497484,4.000000
2026-02-19T11:38:06,1771497486,3.700000
2026-02-19T11:38:06,1771497486,4.300000
2026-02-19T11:38:08,1771497488,4.500000
2026-02-19T11:38:08,1771497488,4.700000
2026-02-19T11:38:10,1771497490,9.600000
2026-02-19T11:38:10,1771497490,9.200000
2026-02-19T11:38:12,1771497492,8.500000
2026-02-19T11:38:12,1771497492,8.300000
2026-02-19T11:38:14,1771497494,7.600000
2026-02-19T11:38:14,1771497494,10.900000
2026-02-19T11:38:16,1771497496,11.200000
2026-02-19T11:38:16,1771497496,10.100000
2026-02-19T11:38:18,1771497498,13.400000
2026-02-19T11:38:18,1771497498,12.100000
2026-02-19T11:38:20,1771497500,7.200000
2026-02-19T11:38:20,1771497500,7.700000
2026-02-19T11:38:22,1771497502,6.100000
2026-02-19T11:38:22,1771497502,6.000000
2026-02-19T11:38:24,1771497504,4.500000
2026-02-19T11:38:24,1771497504,3.100000
2026-02-19T11:38:26,1771497506,5.000000
2026-02-19T11:38:26,1771497506,4.800000
2026-02-19T11:38:28,1771497508,5.800000
2026-02-19T11:38:28,1771497508,5.900000
2026-02-19T11:38:30,1771497510,2.800000
2026-02-19T11:38:30,1771497510,3.500000
2026-02-19T11:38:32,1771497512,5.700000
2026-02-19T11:38:32,1771497512,6.500000
2026-02-19T11:38:34,1771497514,4.400000
2026-02-19T11:38:34,1771497514,4.700000
2026-02-19T11:38:36,1771497516,6.300000
2026-02-19T11:38:36,1771497516,4.600000
2026-02-19T11:38:38,1771497518,3.300000
2026-02-19T11:38:38,1771497518,3.600000
2026-02-19T11:38:40,1771497520,4.000000
2026-02-19T11:38:40,1771497520,3.800000
2026-02-19T11:38:42,1771497522,2.900000
2026-02-19T11:38:42,1771497522,3.500000
2026-02-19T11:38:44,1771497524,5.300000
2026-02-19T11:38:44,1771497524,5.700000
2026-02-19T11:38:46,1771497526,5.300000
2026-02-19T11:38:46,1771497526,4.700000
2026-02-19T11:38:48,1771497528,3.100000
2026-02-19T11:38:48,1771497528,2.700000
2026-02-19T11:38:50,1771497530,3.300000
2026-02-19T11:38:50,1771497530,4.000000
2026-02-19T11:38:52,1771497532,11.000000
2026-02-19T11:38:52,1771497532,11.800000
2026-02-19T11:38:54,1771497534,7.100000
2026-02-19T11:38:54,1771497534,5.800000
2026-02-19T11:38:56,1771497536,3.800000
2026-02-19T11:38:56,1771497536,6.000000
2026-02-19T11:38:58,1771497538,8.400000
2026-02-19T11:38:58,1771497538,6.600000
2026-02-19T11:39:00,1771497540,7.200000
2026-02-19T11:39:00,1771497540,7.700000
2026-02-19T11:39:02,1771497542,6.100000
2026-02-19T11:39:02,1771497542,5.400000
2026-02-19T11:39:04,1771497544,6.700000
2026-02-19T11:39:04,1771497544,7.400000
2026-02-19T11:39:06,1771497546,8.200000
2026-02-19T11:39:06,1771497546,8.700000
2026-02-19T11:39:08,1771497548,10.300000
2026-02-19T11:39:08,1771497548,9.100000
2026-02-19T11:39:10,1771497550,7.100000
2026-02-19T11:39:10,1771497550,7.900000
2026-02-19T11:39:12,1771497552,7.700000
2026-02-19T11:39:12,1771497552,7.500000
2026-02-19T11:39:14,1771497554,8.600000
2026-02-19T11:39:14,1771497554,11.000000
2026-02-19T11:39:16,1771497556,14.000000
2026-02-19T11:39:16,1771497556,11.700000
2026-02-19T11:39:18,1771497558,12.300000
2026-02-19T11:39:18,1771497558,14.500000
2026-02-19T11:39:20,1771497560,11.000000
2026-02-19T11:39:20,1771497560,9.600000
2026-02-19T11:39:22,1771497562,8.300000
2026-02-19T11:39:22,1771497562,7.300000
2026-02-19T11:39:24,1771497564,9.000000
2026-02-19T11:39:24,1771497564,9.800000
2026-02-19T11:39:26,1771497566,9.400000
2026-02-19T11:39:26,1771497566,8.700000
2026-02-19T11:39:28,1771497568,7.100000
2026-02-19T11:39:28,1771497568,7.100000
2026-02-19T11:39:30,1771497570,7.900000
2026-02-19T11:39:30,1771497570,10.600000
2026-02-19T11:39:32,1771497572,8.200000
2026-02-19T11:39:32,1771497572,5.200000
2026-02-19T11:39:34,1771497574,7.000000
2026-02-19T11:39:34,1771497574,8.500000
2026-02-19T11:39:36,1771497576,15.100000
2026-02-19T11:39:36,1771497576,15.000000
2026-02-19T11:39:38,1771497578,7.600000
2026-02-19T11:39:38,1771497578,7.600000
2026-02-19T11:39:40,1771497580,10.100000
2026-02-19T11:39:40,1771497580,9.000000
2026-02-19T11:39:42,1771497582,3.200000
2026-02-19T11:39:42,1771497582,2.400000
2026-02-19T11:39:44,1771497584,2.800000
2026-02-19T11:39:44,1771497584,4.400000
2026-02-19T11:39:46,1771497586,4.800000
2026-02-19T11:39:46,1771497586,3.400000
2026-02-19T11:39:48,1771497588,4.200000
2026-02-19T11:39:48,1771497588,4.000000
2026-02-19T11:39:50,1771497590,2.900000
2026-02-19T11:39:50,1771497590,3.000000
2026-02-19T11:39:52,1771497592,4.200000
2026-02-19T11:39:52,1771497592,5.000000
2026-02-19T11:39:54,1771497594,3.700000
2026-02-19T11:39:54,1771497594,2.900000
2026-02-19T11:39:56,1771497596,4.300000
2026-02-19T11:39:56,1771497596,3.900000
2026-02-19T11:39:58,1771497598,5.000000
2026-02-19T11:39:58,1771497598,5.300000
2026-02-19T11:40:00,1771497600,4.800000
2026-02-19T11:40:00,1771497600,5.100000
2026-02-19T11:40:02,1771497602,3.600000
2026-02-19T11:40:02,1771497602,3.500000
2026-02-19T11:40:04,1771497604,3.600000
2026-02-19T11:40:04,1771497604,3.400000
2026-02-19T11:40:06,1771497606,3.600000
2026-02-19T11:40:06,1771497606,3.500000
2026-02-19T11:40:08,1771497608,4.500000
2026-02-19T11:40:08,1771497608,5.500000
2026-02-19T11:40:10,1771497610,10.300000
2026-02-19T11:40:10,1771497610,11.600000
2026-02-19T11:40:12,1771497612,8.800000
2026-02-19T11:40:12,1771497612,7.100000
2026-02-19T11:40:14,1771497614,6.500000
2026-02-19T11:40:14,1771497614,6.500000
2026-02-19T11:40:16,1771497616,5.200000
2026-02-19T11:40:16,1771497616,4.800000
2026-02-19T11:40:18,1771497618,4.000000
2026-02-19T11:40:18,1771497618,4.400000
2026-02-19T11:40:20,1771497620,7.700000
2026-02-19T11:40:20,1771497620,8.700000
2026-02-19T11:40:22,1771497622,4.100000
2026-02-19T11:40:22,1771497622,3.000000
2026-02-19T11:40:24,1771497624,3.300000
2026-02-19T11:40:24,1771497624,2.800000
2026-02-19T11:40:26,1771497626,3.700000
2026-02-19T11:40:26,1771497626,3.800000
2026-02-19T11:40:28,1771497628,4.900000
2026-02-19T11:40:28,1771497628,5.700000
2026-02-19T11:40:30,1771497630,8.400000
2026-02-19T11:40:30,1771497630,8.700000
2026-02-19T11:40:32,1771497632,6.300000
2026-02-19T11:40:32,1771497632,5.500000
2026-02-19T11:40:34,1771497634,8.900000
2026-02-19T11:40:34,1771497634,9.200000
2026-02-19T11:40:36,1771497636,5.800000
2026-02-19T11:40:36,1771497636,6.800000
2026-02-19T11:40:38,1771497638,4.500000
2026-02-19T11:40:39,1771497639,3.600000
2026-02-19T11:40:40,1771497640,5.400000
2026-02-19T11:40:41,1771497641,5.200000
2026-02-19T11:40:42,1771497642,7.300000
2026-02-19T11:40:43,1771497643,7.200000
2026-02-19T11:40:44,1771497644,5.300000
2026-02-19T11:40:45,1771497645,5.400000
2026-02-19T11:40:46,1771497646,4.400000
2026-02-19T11:40:47,1771497647,5.500000
2026-02-19T11:40:48,1771497648,5.100000
2026-02-19T11:40:49,1771497649,3.800000
2026-02-19T11:40:50,1771497650,7.400000
2026-02-19T11:40:51,1771497651,9.200000
2026-02-19T11:40:52,1771497652,8.200000
2026-02-19T11:40:53,1771497653,7.100000
2026-02-19T11:40:54,1771497654,10.200000
2026-02-19T11:40:55,1771497655,9.700000
2026-02-19T11:40:56,1771497656,8.800000
2026-02-19T11:40:57,1771497657,10.300000
2026-02-19T11:40:58,1771497658,6.900000
2026-02-19T11:40:59,1771497659,5.700000
2026-02-19T11:41:00,1771497660,6.000000
2026-02-19T11:41:01,1771497661,6.900000
2026-02-19T11:41:02,1771497662,8.600000
2026-02-19T11:41:03,1771497663,8.700000
2026-02-19T11:41:04,1771497664,6.800000
2026-02-19T11:41:05,1771497665,5.200000
2026-02-19T11:41:06,1771497666,3.100000
2026-02-19T11:41:07,1771497667,4.800000
2026-02-19T11:41:08,1771497668,12.500000
2026-02-19T11:41:09,1771497669,12.300000
2026-02-19T11:41:10,1771497670,11.600000
2026-02-19T11:41:11,1771497671,12.800000
2026-02-19T11:41:12,1771497672,11.400000
2026-02-19T11:41:13,1771497673,10.200000
2026-02-19T11:41:14,1771497674,11.600000
2026-02-19T11:41:15,1771497675,14.100000
2026-02-19T11:41:16,1771497676,15.700000
2026-02-19T11:41:17,1771497677,14.000000
2026-02-19T11:41:18,1771497678,10.200000
2026-02-19T11:41:19,1771497679,8.800000
2026-02-19T11:41:20,1771497680,10.700000
2026-02-19T11:41:21,1771497681,10.600000
2026-02-19T11:41:22,1771497682,8.700000
2026-02-19T11:41:23,1771497683,9.500000
2026-02-19T11:41:24,1771497684,13.100000
2026-02-19T11:41:25,1771497685,12.100000
2026-02-19T11:41:26,1771497686,10.000000
2026-02-19T11:41:27,1771497687,11.900000
2026-02-19T11:41:28,1771497688,16.400000
2026-02-19T11:41:29,1771497689,17.600000
2026-02-19T11:41:30,1771497690,15.500000
2026-02-19T11:41:31,1771497691,14.100000
2026-02-19T11:41:32,1771497692,12.100000
2026-02-19T11:41:33,1771497693,12.800000
2026-02-19T11:41:34,1771497694,10.800000
2026-02-19T11:41:35,1771497695,8.400000
2026-02-19T11:41:36,1771497696,7.800000
2026-02-19T11:41:37,1771497697,7.000000
2026-02-19T11:41:38,1771497698,2.700000
2026-02-19T11:41:39,1771497699,3.900000
2026-02-19T11:41:40,1771497700,6.300000
2026-02-19T11:41:41,1771497701,5.400000
2026-02-19T11:41:42,1771497702,7.500000
2026-02-19T11:41:43,1771497703,8.700000
2026-02-19T11:41:44,1771497704,9.300000
2026-02-19T11:41:45,1771497705,8.300000
2026-02-19T11:41:46,1771497706,9.400000
2026-02-19T11:41:47,1771497707,11.800000
2026-02-19T11:41:48,1771497708,9.800000
2026-02-19T11:41:49,1771497709,7.100000
2026-02-19T11:41:50,1771497710,6.500000
2026-02-19T11:41:51,1771497711,6.400000
2026-02-19T11:41:52,1771497712,7.700000
2026-02-19T11:41:53,1771497713,8.900000
2026-02-19T11:41:54,1771497714,5.100000
2026-02-19T11:41:55,1771497715,4.300000
2026-02-19T11:41:56,1771497716,5.800000
2026-02-19T11:41:57,1771497717,5.400000
2026-02-19T11:41:58,1771497718,4.400000
2026-02-19T11:41:59,1771497719,4.600000
2026-02-19T11:42:00,1771497720,4.700000
2026-02-19T11:42:01,1771497721,4.900000
2026-02-19T11:42:02,1771497722,9.900000
2026-02-19T11:42:03,1771497723,14.400000
2026-02-19T11:42:04,1771497724,12.100000
2026-02-19T11:42:05,1771497725,7.200000
2026-02-19T11:42:06,1771497726,5.800000
2026-02-19T11:42:07,1771497727,6.000000
2026-02-19T11:42:08,1771497728,3.600000
2026-02-19T11:42:09,1771497729,3.500000
2026-02-19T11:42:10,1771497730,5.700000
2026-02-19T11:42:11,1771497731,5.700000
2026-02-19T11:42:12,1771497732,5.100000
2026-02-19T11:42:13,1771497733,4.900000
2026-02-19T11:42:14,1771497734,5.000000
2026-02-19T11:42:15,1771497735,5.900000
2026-02-19T11:42:16,1771497736,6.100000
2026-02-19T11:42:17,1771497737,6.700000
2026-02-19T11:42:18,1771497738,8.100000
2026-02-19T11:42:19,1771497739,6.600000
2026-02-19T11:42:20,1771497740,5.100000
2026-02-19T11:42:21,1771497741,5.700000
2026-02-19T11:42:22,1771497742,9.500000
2026-02-19T11:42:23,1771497743,11.500000
2026-02-19T11:42:24,1771497744,12.900000
2026-02-19T11:42:25,1771497745,11.800000
2026-02-19T11:42:26,1771497746,11.900000
2026-02-19T11:42:27,1771497747,12.500000
2026-02-19T11:42:28,1771497748,13.100000
2026-02-19T11:42:29,1771497749,13.500000
2026-02-19T11:42:30,1771497750,13.200000
2026-02-19T11:42:31,1771497751,12.700000
2026-02-19T11:42:32,1771497752,10.400000
2026-02-19T11:42:33,1771497753,10.300000
2026-02-19T11:42:34,1771497754,10.900000
2026-02-19T11:42:35,1771497755,11.800000
2026-02-19T11:42:36,1771497756,13.100000
2026-02-19T11:42:37,1771497757,11.700000
2026-02-19T11:42:38,1771497758,10.400000
2026-02-19T11:42:39,1771497759,11.400000
2026-02-19T11:42:40,1771497760,11.700000
2026-02-19T11:42:41,1771497761,12.000000
2026-02-19T11:42:42,1771497762,11.600000
2026-02-19T11:42:43,1771497763,12.200000
2026-02-19T11:42:45,1771497765,11.800000
2026-02-19T11:42:45,1771497765,11.100000
2026-02-19T11:42:47,1771497767,12.200000
2026-02-19T11:42:47,1771497767,11.700000
2026-02-19T11:42:49,1771497769,11.700000
2026-02-19T11:42:49,1771497769,11.300000
2026-02-19T11:42:51,1771497771,9.600000
2026-02-19T11:42:51,1771497771,10.200000
2026-02-19T11:42:53,1771497773,13.100000
2026-02-19T11:42:53,1771497773,12.700000
2026-02-19T11:42:55,1771497775,11.400000
2026-02-19T11:42:55,1771497775,11.600000
2026-02-19T11:42:57,1771497777,10.500000
2026-02-19T11:42:57,1771497777,10.300000
2026-02-19T11:42:59,1771497779,11.400000
2026-02-19T11:42:59,1771497779,11.400000
2026-02-19T11:43:01,1771497781,13.600000
2026-02-19T11:43:01,1771497781,13.200000
2026-02-19T11:43:03,1771497783,9.800000
2026-02-19T11:43:03,1771497783,10.600000
2026-02-19T11:43:05,1771497785,12.200000
2026-02-19T11:43:05,1771497785,13.000000
2026-02-19T11:43:07,1771497787,17.700000
2026-02-19T11:43:07,1771497787,16.700000
2026-02-19T11:43:09,1771497789,13.200000
2026-02-19T11:43:09,1771497789,13.400000
2026-02-19T11:43:11,1771497791,10.200000
2026-02-19T11:43:11,1771497791,9.700000
2026-02-19T11:43:13,1771497793,12.100000
2026-02-19T11:43:13,1771497793,13.100000
2026-02-19T11:43:15,1771497795,11.600000
2026-02-19T11:43:15,1771497795,11.300000
2026-02-19T11:43:17,1771497797,12.500000
2026-02-19T11:43:17,1771497797,11.800000
2026-02-19T11:43:19,1771497799,11.100000
2026-02-19T11:43:19,1771497799,12.000000
2026-02-19T11:43:21,1771497801,13.600000
2026-02-19T11:43:21,1771497801,13.200000
2026-02-19T11:43:23,1771497803,10.200000
2026-02-19T11:43:23,1771497803,9.400000
2026-02-19T11:43:25,1771497805,4.000000
2026-02-19T11:43:25,1771497805,3.300000
2026-02-19T11:43:27,1771497807,7.600000
2026-02-19T11:43:27,1771497807,8.100000
2026-02-19T11:43:29,1771497809,8.100000
2026-02-19T11:43:29,1771497809,7.200000
2026-02-19T11:43:31,1771497811,12.300000
2026-02-19T11:43:31,1771497811,14.700000
2026-02-19T11:43:33,1771497813,8.200000
2026-02-19T11:43:33,1771497813,5.900000
2026-02-19T11:43:35,1771497815,5.100000
2026-02-19T11:43:35,1771497815,6.800000
2026-02-19T11:43:37,1771497817,10.600000
2026-02-19T11:43:37,1771497817,8.800000
2026-02-19T11:43:39,1771497819,6.300000
2026-02-19T11:43:39,1771497819,6.700000
2026-02-19T11:43:41,1771497821,6.300000
2026-02-19T11:43:41,1771497821,7.000000
2026-02-19T11:43:43,1771497823,5.500000
2026-02-19T11:43:43,1771497823,4.700000
2026-02-19T11:43:45,1771497825,5.500000
2026-02-19T11:43:45,1771497825,5.500000
2026-02-19T11:43:47,1771497827,4.300000
2026-02-19T11:43:47,1771497827,5.600000
2026-02-19T11:43:49,1771497829,7.700000
2026-02-19T11:43:49,1771497829,6.600000
2026-02-19T11:43:51,1771497831,8.200000
2026-02-19T11:43:51,1771497831,9.000000
2026-02-19T11:43:53,1771497833,8.100000
2026-02-19T11:43:53,1771497833,7.900000
2026-02-19T11:43:55,1771497835,6.200000
2026-02-19T11:43:55,1771497835,6.500000
2026-02-19T11:43:57,1771497837,5.300000
2026-02-19T11:43:57,1771497837,4.700000
2026-02-19T11:43:59,1771497839,4.400000
2026-02-19T11:43:59,1771497839,4.600000
2026-02-19T11:44:01,1771497841,8.000000
2026-02-19T11:44:01,1771497841,8.200000
2026-02-19T11:44:03,1771497843,9.500000
2026-02-19T11:44:03,1771497843,9.600000
2026-02-19T11:44:05,1771497845,5.900000
2026-02-19T11:44:05,1771497845,6.300000
2026-02-19T11:44:07,1771497847,7.100000
2026-02-19T11:44:07,1771497847,6.000000
2026-02-19T11:44:09,1771497849,7.700000
2026-02-19T11:44:09,1771497849,7.400000
2026-02-19T11:44:11,1771497851,4.900000
2026-02-19T11:44:11,1771497851,4.600000
2026-02-19T11:44:13,1771497853,4.800000
2026-02-19T11:44:13,1771497853,4.800000
2026-02-19T11:44:15,1771497855,4.500000
2026-02-19T11:44:15,1771497855,4.600000
2026-02-19T11:44:17,1771497857,3.700000
2026-02-19T11:44:17,1771497857,4.800000
2026-02-19T11:44:19,1771497859,7.000000
2026-02-19T11:44:19,1771497859,8.100000
2026-02-19T11:44:21,1771497861,9.400000
2026-02-19T11:44:21,1771497861,6.900000
2026-02-19T11:44:23,1771497863,3.700000
2026-02-19T11:44:23,1771497863,3.600000
2026-02-19T11:44:25,1771497865,5.300000
2026-02-19T11:44:25,1771497865,7.200000
2026-02-19T11:44:27,1771497867,5.700000
2026-02-19T11:44:27,1771497867,3.700000
2026-02-19T11:44:29,1771497869,4.200000
2026-02-19T11:44:29,1771497869,4.200000
2026-02-19T11:44:31,1771497871,3.600000
2026-02-19T11:44:31,1771497871,3.800000
2026-02-19T11:44:33,1771497873,7.000000
2026-02-19T11:44:33,1771497873,6.800000
2026-02-19T11:44:35,1771497875,3.600000
2026-02-19T11:44:35,1771497875,5.200000
2026-02-19T11:44:37,1771497877,8.400000
2026-02-19T11:44:37,1771497877,7.500000
2026-02-19T11:44:39,1771497879,4.500000
2026-02-19T11:44:39,1771497879,5.700000
2026-02-19T11:44:41,1771497881,5.800000
2026-02-19T11:44:41,1771497881,3.900000
2026-02-19T11:44:43,1771497883,3.300000
2026-02-19T11:44:43,1771497883,3.400000
2026-02-19T11:44:45,1771497885,3.600000
2026-02-19T11:44:45,1771497885,4.200000
2026-02-19T11:44:47,1771497887,4.900000
2026-02-19T11:44:47,1771497887,4.800000
2026-02-19T11:44:49,1771497889,3.600000
2026-02-19T11:44:49,1771497889,3.400000
2026-02-19T11:44:51,1771497891,3.800000
2026-02-19T11:44:51,1771497891,3.600000
2026-02-19T11:44:53,1771497893,10.900000
2026-02-19T11:44:53,1771497893,14.000000
2026-02-19T11:44:55,1771497895,12.400000
2026-02-19T11:44:55,1771497895,11.400000
2026-02-19T11:44:57,1771497897,9.300000
2026-02-19T11:44:57,1771497897,9.800000
2026-02-19T11:44:59,1771497899,13.800000
2026-02-19T11:44:59,1771497899,11.100000
2026-02-19T11:45:01,1771497901,7.200000
2026-02-19T11:45:01,1771497901,9.000000
2026-02-19T11:45:03,1771497903,10.100000
2026-02-19T11:45:03,1771497903,9.300000
2026-02-19T11:45:05,1771497905,10.000000
2026-02-19T11:45:05,1771497905,11.300000
2026-02-19T11:45:07,1771497907,11.200000
2026-02-19T11:45:07,1771497907,9.400000
2026-02-19T11:45:09,1771497909,7.900000
2026-02-19T11:45:09,1771497909,9.000000
2026-02-19T11:45:11,1771497911,9.800000
2026-02-19T11:45:11,1771497911,9.800000
2026-02-19T11:45:13,1771497913,11.100000
2026-02-19T11:45:13,1771497913,10.600000
2026-02-19T11:45:15,1771497915,9.100000
2026-02-19T11:45:16,1771497916,9.100000
2026-02-19T11:45:17,1771497917,10.100000
2026-02-19T11:45:18,1771497918,10.300000
2026-02-19T11:45:19,1771497919,4.600000
2026-02-19T11:45:20,1771497920,3.100000
2026-02-19T11:45:21,1771497921,3.400000
2026-02-19T11:45:22,1771497922,3.800000
2026-02-19T11:45:23,1771497923,4.700000
2026-02-19T11:45:24,1771497924,4.100000
2026-02-19T11:45:25,1771497925,3.100000
2026-02-19T11:45:26,1771497926,3.400000
2026-02-19T11:45:27,1771497927,2.400000
2026-02-19T11:45:28,1771497928,3.200000
2026-02-19T11:45:29,1771497929,3.000000
2026-02-19T11:45:30,1771497930,2.400000
2026-02-19T11:45:31,1771497931,4.600000
2026-02-19T11:45:32,1771497932,4.400000
2026-02-19T11:45:33,1771497933,2.900000
2026-02-19T11:45:34,1771497934,2.800000
2026-02-19T11:45:35,1771497935,2.800000
2026-02-19T11:45:36,1771497936,2.500000
2026-02-19T11:45:37,1771497937,3.300000
2026-02-19T11:45:38,1771497938,3.700000
2026-02-19T11:45:39,1771497939,3.900000
2026-02-19T11:45:40,1771497940,3.800000
2026-02-19T11:45:41,1771497941,6.100000
2026-02-19T11:45:42,1771497942,7.900000
2026-02-19T11:45:43,1771497943,5.300000
2026-02-19T11:45:44,1771497944,3.700000
2026-02-19T11:45:45,1771497945,3.200000
2026-02-19T11:45:46,1771497946,3.000000
2026-02-19T11:45:47,1771497947,2.400000
2026-02-19T11:45:48,1771497948,2.400000
2026-02-19T11:45:49,1771497949,3.200000
2026-02-19T11:45:50,1771497950,3.100000
2026-02-19T11:45:51,1771497951,2.800000
2026-02-19T11:45:52,1771497952,2.700000
2026-02-19T11:45:53,1771497953,2.400000
2026-02-19T11:45:54,1771497954,2.800000
2026-02-19T11:45:55,1771497955,3.000000
2026-02-19T11:45:56,1771497956,2.600000
2026-02-19T11:45:57,1771497957,3.100000
2026-02-19T11:45:58,1771497958,2.900000
2026-02-19T11:45:59,1771497959,2.700000
2026-02-19T11:46:00,1771497960,2.600000
2026-02-19T11:46:01,1771497961,3.700000
2026-02-19T11:46:02,1771497962,4.000000
2026-02-19T11:46:03,1771497963,2.000000
2026-02-19T11:46:04,1771497964,2.000000
2026-02-19T11:46:05,1771497965,2.700000
2026-02-19T11:46:06,1771497966,2.600000
2026-02-19T11:46:07,1771497967,3.400000
2026-02-19T11:46:08,1771497968,4.000000
2026-02-19T11:46:09,1771497969,4.000000
2026-02-19T11:46:10,1771497970,3.400000
2026-02-19T11:46:11,1771497971,3.400000
2026-02-19T11:46:12,1771497972,3.700000
2026-02-19T11:46:13,1771497973,2.500000
2026-02-19T11:46:14,1771497974,2.100000
2026-02-19T11:46:15,1771497975,3.900000
2026-02-19T11:46:16,1771497976,4.400000
2026-02-19T11:46:17,1771497977,4.100000
2026-02-19T11:46:18,1771497978,3.600000
2026-02-19T11:46:19,1771497979,3.000000
2026-02-19T11:46:20,1771497980,3.200000
2026-02-19T11:46:21,1771497981,3.500000
2026-02-19T11:46:22,1771497982,3.300000
2026-02-19T11:46:23,1771497983,2.700000
2026-02-19T11:46:24,1771497984,2.700000
2026-02-19T11:46:25,1771497985,3.000000
2026-02-19T11:46:26,1771497986,2.800000
2026-02-19T11:46:27,1771497987,2.600000
2026-02-19T11:46:28,1771497988,3.000000
2026-02-19T11:46:29,1771497989,3.700000
2026-02-19T11:46:30,1771497990,3.600000
2026-02-19T11:46:31,1771497991,4.500000
2026-02-19T11:46:32,1771497992,4.700000
2026-02-19T11:46:33,1771497993,2.400000
2026-02-19T11:46:34,1771497994,2.300000
2026-02-19T11:46:35,1771497995,3.200000
2026-02-19T11:46:36,1771497996,3.000000
2026-02-19T11:46:37,1771497997,3.200000
2026-02-19T11:46:38,1771497998,3.300000
2026-02-19T11:46:39,1771497999,3.600000
2026-02-19T11:46:40,1771498000,3.500000
2026-02-19T11:46:41,1771498001,4.000000
2026-02-19T11:46:42,1771498002,4.100000
2026-02-19T11:46:43,1771498003,2.900000
2026-02-19T11:46:44,1771498004,2.800000
2026-02-19T11:46:45,1771498005,2.500000
2026-02-19T11:46:46,1771498006,3.600000
2026-02-19T11:46:47,1771498007,3.300000
2026-02-19T11:46:48,1771498008,2.100000
2026-02-19T11:46:49,1771498009,3.700000
2026-02-19T11:46:50,1771498010,3.400000
2026-02-19T11:46:51,1771498011,4.500000
2026-02-19T11:46:52,1771498012,4.800000
2026-02-19T11:46:53,1771498013,5.000000
2026-02-19T11:46:54,1771498014,4.700000
2026-02-19T11:46:55,1771498015,4.400000
2026-02-19T11:46:56,1771498016,4.700000
2026-02-19T11:46:57,1771498017,3.400000
2026-02-19T11:46:58,1771498018,3.700000
2026-02-19T11:46:59,1771498019,18.700000
2026-02-19T11:47:00,1771498020,26.300000
2026-02-19T11:47:01,1771498021,38.800000
2026-02-19T11:47:02,1771498022,39.300000
2026-02-19T11:47:03,1771498023,29.800000
2026-02-19T11:47:04,1771498024,22.300000
2026-02-19T11:47:05,1771498025,4.400000
2026-02-19T11:47:06,1771498026,3.800000
2026-02-19T11:47:07,1771498027,5.700000
2026-02-19T11:47:08,1771498028,5.600000
2026-02-19T11:47:09,1771498029,5.300000
2026-02-19T11:47:10,1771498030,5.500000
2026-02-19T11:47:11,1771498031,4.500000
2026-02-19T11:47:12,1771498032,5.200000
2026-02-19T11:47:13,1771498033,6.100000
2026-02-19T11:47:14,1771498034,5.000000
2026-02-19T11:47:15,1771498035,3.800000
2026-02-19T11:47:16,1771498036,4.300000
2026-02-19T11:47:17,1771498037,9.100000
2026-02-19T11:47:18,1771498038,10.400000
2026-02-19T11:47:19,1771498039,11.200000
2026-02-19T11:47:20,1771498040,11.600000
2026-02-19T11:47:21,1771498041,13.600000
2026-02-19T11:47:22,1771498042,13.500000
2026-02-19T11:47:23,1771498043,13.800000
2026-02-19T11:47:24,1771498044,13.800000
2026-02-19T11:47:26,1771498046,11.100000
2026-02-19T11:47:26,1771498046,11.200000
2026-02-19T11:47:28,1771498048,11.500000
2026-02-19T11:47:28,1771498048,10.900000
2026-02-19T11:47:30,1771498050,11.100000
2026-02-19T11:47:30,1771498050,11.500000
2026-02-19T11:47:32,1771498052,13.500000
2026-02-19T11:47:32,1771498052,13.600000
2026-02-19T11:47:34,1771498054,11.400000
2026-02-19T11:47:34,1771498054,11.200000
2026-02-19T11:47:36,1771498056,11.000000
2026-02-19T11:47:36,1771498056,10.900000
2026-02-19T11:47:38,1771498058,17.800000
2026-02-19T11:47:38,1771498058,18.500000
2026-02-19T11:47:40,1771498060,13.500000
2026-02-19T11:47:40,1771498060,12.400000
2026-02-19T11:47:42,1771498062,12.600000
2026-02-19T11:47:42,1771498062,12.400000
2026-02-19T11:47:44,1771498064,10.700000
2026-02-19T11:47:44,1771498064,10.900000
2026-02-19T11:47:46,1771498066,12.700000
2026-02-19T11:47:46,1771498066,13.600000
2026-02-19T11:47:48,1771498068,10.900000
2026-02-19T11:47:48,1771498068,9.800000
2026-02-19T11:47:50,1771498070,9.100000
2026-02-19T11:47:50,1771498070,10.200000
2026-02-19T11:47:52,1771498072,14.300000
2026-02-19T11:47:52,1771498072,13.400000
2026-02-19T11:47:54,1771498074,10.400000
2026-02-19T11:47:54,1771498074,11.200000
2026-02-19T11:47:56,1771498076,11.800000
2026-02-19T11:47:56,1771498076,11.000000
2026-02-19T11:47:58,1771498078,11.600000
2026-02-19T11:47:58,1771498078,12.500000
2026-02-19T11:48:00,1771498080,13.000000
2026-02-19T11:48:00,1771498080,12.700000
2026-02-19T11:48:02,1771498082,12.700000
2026-02-19T11:48:02,1771498082,12.000000
2026-02-19T11:48:04,1771498084,10.300000
2026-02-19T11:48:04,1771498084,11.300000
2026-02-19T11:48:06,1771498086,11.500000
2026-02-19T11:48:06,1771498086,10.900000
2026-02-19T11:48:08,1771498088,11.100000
2026-02-19T11:48:08,1771498088,10.700000
2026-02-19T11:48:10,1771498090,13.000000
2026-02-19T11:48:10,1771498090,13.700000
2026-02-19T11:48:12,1771498092,10.900000
2026-02-19T11:48:12,1771498092,10.100000
2026-02-19T11:48:14,1771498094,11.900000
2026-02-19T11:48:14,1771498094,12.400000
2026-02-19T11:48:16,1771498096,11.600000
2026-02-19T11:48:16,1771498096,12.200000
2026-02-19T11:48:18,1771498098,13.000000
2026-02-19T11:48:18,1771498098,10.300000
2026-02-19T11:48:20,1771498100,5.400000
2026-02-19T11:48:20,1771498100,7.400000
2026-02-19T11:48:22,1771498102,7.700000
2026-02-19T11:48:22,1771498102,8.000000
2026-02-19T11:48:24,1771498104,8.800000
2026-02-19T11:48:24,1771498104,7.600000
2026-02-19T11:48:26,1771498106,7.000000
2026-02-19T11:48:26,1771498106,7.600000
2026-02-19T11:48:28,1771498108,5.000000
2026-02-19T11:48:28,1771498108,4.200000
2026-02-19T11:48:30,1771498110,4.200000
2026-02-19T11:48:30,1771498110,5.300000
2026-02-19T11:48:32,1771498112,10.400000
2026-02-19T11:48:32,1771498112,9.400000
2026-02-19T11:48:34,1771498114,7.200000
2026-02-19T11:48:34,1771498114,6.900000
2026-02-19T11:48:36,1771498116,9.600000
2026-02-19T11:48:36,1771498116,9.500000
2026-02-19T11:48:38,1771498118,8.800000
2026-02-19T11:48:38,1771498118,8.500000
2026-02-19T11:48:40,1771498120,4.900000
2026-02-19T11:48:40,1771498120,5.000000
2026-02-19T11:48:42,1771498122,6.700000
2026-02-19T11:48:42,1771498122,6.400000
2026-02-19T11:48:44,1771498124,4.200000
2026-02-19T11:48:44,1771498124,4.700000
2026-02-19T11:48:46,1771498126,4.900000
2026-02-19T11:48:46,1771498126,5.800000
2026-02-19T11:48:48,1771498128,4.700000
2026-02-19T11:48:48,1771498128,3.500000
2026-02-19T11:48:50,1771498130,3.700000
2026-02-19T11:48:50,1771498130,6.200000
2026-02-19T11:48:52,1771498132,6.800000
2026-02-19T11:48:52,1771498132,4.100000
2026-02-19T11:48:54,1771498134,6.200000
2026-02-19T11:48:54,1771498134,6.800000
2026-02-19T11:48:56,1771498136,3.700000
2026-02-19T11:48:56,1771498136,3.100000
2026-02-19T11:48:58,1771498138,4.600000
2026-02-19T11:48:58,1771498138,5.100000
2026-02-19T11:49:00,1771498140,4.700000
2026-02-19T11:49:00,1771498140,4.500000
2026-02-19T11:49:02,1771498142,5.600000
2026-02-19T11:49:02,1771498142,5.100000
2026-02-19T11:49:04,1771498144,4.100000
2026-02-19T11:49:04,1771498144,3.900000
2026-02-19T11:49:06,1771498146,5.000000
2026-02-19T11:49:06,1771498146,5.200000
2026-02-19T11:49:08,1771498148,4.100000
2026-02-19T11:49:08,1771498148,4.300000
2026-02-19T11:49:10,1771498150,4.100000
2026-02-19T11:49:10,1771498150,4.900000
2026-02-19T11:49:12,1771498152,5.500000
2026-02-19T11:49:12,1771498152,4.900000
2026-02-19T11:49:14,1771498154,4.500000
2026-02-19T11:49:14,1771498154,4.200000
2026-02-19T11:49:16,1771498156,4.000000
2026-02-19T11:49:16,1771498156,3.900000
2026-02-19T11:49:18,1771498158,3.900000
2026-02-19T11:49:18,1771498158,3.900000
2026-02-19T11:49:20,1771498160,3.400000
2026-02-19T11:49:20,1771498160,3.700000
2026-02-19T11:49:22,1771498162,6.300000
2026-02-19T11:49:22,1771498162,6.500000
2026-02-19T11:49:24,1771498164,4.800000
2026-02-19T11:49:24,1771498164,5.100000
2026-02-19T11:49:26,1771498166,5.600000
2026-02-19T11:49:26,1771498166,4.700000
2026-02-19T11:49:28,1771498168,3.400000
2026-02-19T11:49:28,1771498168,4.300000
2026-02-19T11:49:30,1771498170,4.700000
2026-02-19T11:49:30,1771498170,4.300000
2026-02-19T11:49:32,1771498172,4.600000
2026-02-19T11:49:32,1771498172,4.400000
2026-02-19T11:49:34,1771498174,4.100000
2026-02-19T11:49:34,1771498174,4.200000
2026-02-19T11:49:36,1771498176,3.800000
2026-02-19T11:49:36,1771498176,3.800000
2026-02-19T11:49:38,1771498178,3.600000
2026-02-19T11:49:38,1771498178,3.400000
2026-02-19T11:49:40,1771498180,5.400000
2026-02-19T11:49:40,1771498180,5.600000
2026-02-19T11:49:42,1771498182,3.800000
2026-02-19T11:49:42,1771498182,3.900000
2026-02-19T11:49:44,1771498184,4.000000
2026-02-19T11:49:44,1771498184,4.200000
2026-02-19T11:49:46,1771498186,3.800000
2026-02-19T11:49:46,1771498186,3.500000
2026-02-19T11:49:48,1771498188,3.800000
2026-02-19T11:49:48,1771498188,3.300000
2026-02-19T11:49:50,1771498190,3.300000
2026-02-19T11:49:50,1771498190,4.000000
2026-02-19T11:49:52,1771498192,4.300000
2026-02-19T11:49:52,1771498192,4.100000
2026-02-19T11:49:54,1771498194,4.100000
2026-02-19T11:49:54,1771498194,4.000000
2026-02-19T11:49:56,1771498196,3.900000
2026-02-19T11:49:56,1771498196,3.900000
2026-02-19T11:49:58,1771498198,3.400000
2026-02-19T11:49:58,1771498198,3.700000
2026-02-19T11:50:00,1771498200,3.900000
2026-02-19T11:50:00,1771498200,4.200000
2026-02-19T11:50:02,1771498202,5.000000
2026-02-19T11:50:02,1771498202,4.200000
2026-02-19T11:50:04,1771498204,5.000000
2026-02-19T11:50:04,1771498204,5.100000
2026-02-19T11:50:06,1771498206,4.300000
2026-02-19T11:50:06,1771498206,4.200000
2026-02-19T11:50:08,1771498208,3.100000
2026-02-19T11:50:08,1771498208,4.200000
2026-02-19T11:50:10,1771498210,4.900000
2026-02-19T11:50:10,1771498210,4.700000
2026-02-19T11:50:12,1771498212,4.700000
2026-02-19T11:50:12,1771498212,3.900000
2026-02-19T11:50:14,1771498214,4.600000
2026-02-19T11:50:14,1771498214,4.300000
2026-02-19T11:50:16,1771498216,4.000000
2026-02-19T11:50:16,1771498216,4.400000
2026-02-19T11:50:18,1771498218,4.200000
2026-02-19T11:50:19,1771498219,4.100000
2026-02-19T11:50:20,1771498220,4.400000
2026-02-19T11:50:21,1771498221,5.300000
2026-02-19T11:50:22,1771498222,8.000000
2026-02-19T11:50:23,1771498223,7.200000
2026-02-19T11:50:24,1771498224,8.400000
2026-02-19T11:50:25,1771498225,9.000000
2026-02-19T11:50:26,1771498226,8.900000
2026-02-19T11:50:27,1771498227,10.600000
2026-02-19T11:50:28,1771498228,6.200000
2026-02-19T11:50:29,1771498229,3.800000
2026-02-19T11:50:30,1771498230,5.900000
2026-02-19T11:50:31,1771498231,5.500000
2026-02-19T11:50:32,1771498232,4.600000
2026-02-19T11:50:33,1771498233,5.800000
2026-02-19T11:50:34,1771498234,6.600000
2026-02-19T11:50:35,1771498235,6.700000
2026-02-19T11:50:36,1771498236,9.100000
2026-02-19T11:50:37,1771498237,9.700000
2026-02-19T11:50:38,1771498238,6.400000
2026-02-19T11:50:39,1771498239,5.300000
2026-02-19T11:50:40,1771498240,5.300000
2026-02-19T11:50:41,1771498241,4.600000
2026-02-19T11:50:42,1771498242,5.100000
2026-02-19T11:50:43,1771498243,5.200000
2026-02-19T11:50:44,1771498244,4.400000
2026-02-19T11:50:45,1771498245,5.400000
2026-02-19T11:50:46,1771498246,5.900000
2026-02-19T11:50:47,1771498247,5.200000
2026-02-19T11:50:48,1771498248,3.000000
2026-02-19T11:50:49,1771498249,3.900000
2026-02-19T11:50:50,1771498250,6.000000
2026-02-19T11:50:51,1771498251,6.800000
2026-02-19T11:50:52,1771498252,6.100000
2026-02-19T11:50:53,1771498253,4.500000
2026-02-19T11:50:54,1771498254,4.500000
2026-02-19T11:50:55,1771498255,4.600000
2026-02-19T11:50:56,1771498256,4.000000
2026-02-19T11:50:57,1771498257,3.900000
2026-02-19T11:50:58,1771498258,4.100000
2026-02-19T11:50:59,1771498259,4.000000
2026-02-19T11:51:00,1771498260,3.200000
2026-02-19T11:51:01,1771498261,5.400000
2026-02-19T11:51:02,1771498262,8.300000
2026-02-19T11:51:03,1771498263,7.100000
2026-02-19T11:51:04,1771498264,6.700000
2026-02-19T11:51:05,1771498265,6.900000
2026-02-19T11:51:06,1771498266,5.400000
2026-02-19T11:51:07,1771498267,4.200000
2026-02-19T11:51:08,1771498268,5.800000
2026-02-19T11:51:09,1771498269,6.300000
2026-02-19T11:51:10,1771498270,5.800000
2026-02-19T11:51:11,1771498271,5.200000
2026-02-19T11:51:12,1771498272,4.200000
2026-02-19T11:51:13,1771498273,4.700000
2026-02-19T11:51:14,1771498274,4.000000
2026-02-19T11:51:15,1771498275,4.500000
2026-02-19T11:51:16,1771498276,6.700000
2026-02-19T11:51:17,1771498277,6.100000
2026-02-19T11:51:18,1771498278,5.900000
2026-02-19T11:51:19,1771498279,8.100000
2026-02-19T11:51:20,1771498280,7.700000
2026-02-19T11:51:21,1771498281,5.100000
2026-02-19T11:51:22,1771498282,6.200000
2026-02-19T11:51:23,1771498283,6.600000
2026-02-19T11:51:24,1771498284,5.900000
2026-02-19T11:51:25,1771498285,5.300000
2026-02-19T11:51:26,1771498286,5.600000
2026-02-19T11:51:27,1771498287,5.500000
2026-02-19T11:51:28,1771498288,8.900000
2026-02-19T11:51:29,1771498289,9.300000
2026-02-19T11:51:30,1771498290,7.300000
2026-02-19T11:51:31,1771498291,8.000000
2026-02-19T11:51:32,1771498292,5.600000
2026-02-19T11:51:33,1771498293,5.300000
2026-02-19T11:51:34,1771498294,10.000000
2026-02-19T11:51:35,1771498295,11.000000
2026-02-19T11:51:36,1771498296,9.000000
2026-02-19T11:51:37,1771498297,8.000000
2026-02-19T11:51:38,1771498298,7.900000
2026-02-19T11:51:39,1771498299,8.700000
2026-02-19T11:51:40,1771498300,10.800000
2026-02-19T11:51:41,1771498301,10.400000
2026-02-19T11:51:42,1771498302,8.100000
2026-02-19T11:51:43,1771498303,8.200000
2026-02-19T11:51:44,1771498304,6.400000
2026-02-19T11:51:45,1771498305,6.700000
2026-02-19T11:51:46,1771498306,11.100000
2026-02-19T11:51:47,1771498307,11.200000
2026-02-19T11:51:48,1771498308,9.200000
2026-02-19T11:51:49,1771498309,8.900000
2026-02-19T11:51:50,1771498310,8.600000
2026-02-19T11:51:51,1771498311,9.100000
2026-02-19T11:51:52,1771498312,7.000000
2026-02-19T11:51:53,1771498313,7.400000
2026-02-19T11:51:54,1771498314,10.700000
2026-02-19T11:51:55,1771498315,9.700000
2026-02-19T11:51:56,1771498316,11.300000
2026-02-19T11:51:57,1771498317,12.400000
2026-02-19T11:51:58,1771498318,11.000000
2026-02-19T11:51:59,1771498319,11.600000
2026-02-19T11:52:00,1771498320,10.900000
2026-02-19T11:52:01,1771498321,9.100000
2026-02-19T11:52:02,1771498322,8.200000
2026-02-19T11:52:03,1771498323,8.400000
2026-02-19T11:52:04,1771498324,7.300000
2026-02-19T11:52:05,1771498325,6.300000
2026-02-19T11:52:06,1771498326,5.800000
2026-02-19T11:52:07,1771498327,6.200000
2026-02-19T11:52:08,1771498328,5.300000
2026-02-19T11:52:09,1771498329,4.600000
2026-02-19T11:52:10,1771498330,3.900000
2026-02-19T11:52:11,1771498331,4.400000
2026-02-19T11:52:12,1771498332,7.000000
2026-02-19T11:52:13,1771498333,8.300000
2026-02-19T11:52:14,1771498334,9.400000
2026-02-19T11:52:15,1771498335,8.900000
2026-02-19T11:52:16,1771498336,11.600000
2026-02-19T11:52:17,1771498337,13.500000
2026-02-19T11:52:18,1771498338,14.900000
2026-02-19T11:52:19,1771498339,14.600000
2026-02-19T11:52:21,1771498341,10.200000
2026-02-19T11:52:21,1771498341,7.100000
2026-02-19T11:52:23,1771498343,4.200000
2026-02-19T11:52:23,1771498343,4.400000
2026-02-19T11:52:25,1771498345,3.900000
2026-02-19T11:52:25,1771498345,4.100000
2026-02-19T11:52:27,1771498347,3.000000
2026-02-19T11:52:27,1771498347,2.900000
2026-02-19T11:52:29,1771498349,3.600000
2026-02-19T11:52:29,1771498349,3.600000
2026-02-19T11:52:31,1771498351,3.400000
2026-02-19T11:52:31,1771498351,3.400000
2026-02-19T11:52:33,1771498353,4.500000
2026-02-19T11:52:33,1771498353,4.800000
2026-02-19T11:52:35,1771498355,3.900000
2026-02-19T11:52:35,1771498355,3.600000
2026-02-19T11:52:37,1771498357,3.700000
2026-02-19T11:52:37,1771498357,3.700000
2026-02-19T11:52:39,1771498359,3.400000
2026-02-19T11:52:39,1771498359,4.200000
2026-02-19T11:52:41,1771498361,4.800000
2026-02-19T11:52:43,1771498363,3.900000
2026-02-19T11:52:45,1771498365,2.300000
2026-02-19T11:52:47,1771498367,3.200000
2026-02-19T11:56:29,1771498589,0.000000
2026-02-19T11:56:31,1771498591,6.200000
2026-02-19T11:56:33,1771498593,6.500000
2026-02-19T11:56:35,1771498595,6.300000
2026-02-19T11:56:37,1771498597,6.200000
2026-02-19T11:56:39,1771498599,6.700000
2026-02-19T11:56:41,1771498601,5.900000
2026-02-19T11:56:43,1771498603,6.700000
2026-02-19T11:56:45,1771498605,11.500000
2026-02-19T11:56:47,1771498607,5.500000
2026-02-19T11:56:49,1771498609,5.800000
2026-02-19T11:56:51,1771498611,6.100000
2026-02-19T11:56:53,1771498613,6.300000
2026-02-19T11:56:55,1771498615,5.200000
2026-02-19T11:56:57,1771498617,7.000000
2026-02-19T11:56:59,1771498619,6.700000
2026-02-19T11:57:01,1771498621,9.300000
2026-02-19T11:57:03,1771498623,10.100000
2026-02-19T11:57:05,1771498625,5.600000
2026-02-19T11:57:07,1771498627,6.300000
2026-02-19T11:57:09,1771498629,13.200000
2026-02-19T11:57:11,1771498631,13.300000
2026-02-19T11:57:13,1771498633,12.100000
2026-02-19T11:57:15,1771498635,10.300000
2026-02-19T11:57:17,1771498637,5.600000
2026-02-19T11:57:19,1771498639,10.900000
2026-02-19T11:57:21,1771498641,12.900000
2026-02-19T11:57:23,1771498643,13.900000
2026-02-19T11:57:25,1771498645,12.700000
2026-02-19T11:57:27,1771498647,13.600000
2026-02-19T11:57:29,1771498649,11.800000
2026-02-19T11:57:31,1771498651,12.100000
2026-02-19T11:57:33,1771498653,9.300000
2026-02-19T11:57:35,1771498655,11.900000
2026-02-19T11:57:37,1771498657,5.400000
2026-02-19T11:57:39,1771498659,5.700000
2026-02-19T11:57:41,1771498661,5.700000
2026-02-19T11:57:43,1771498663,5.200000
2026-02-19T11:57:45,1771498665,6.700000
2026-02-19T11:57:47,1771498667,8.300000
2026-02-19T11:57:49,1771498669,6.300000
2026-02-19T11:57:51,1771498671,10.700000
2026-02-19T11:57:53,1771498673,9.900000
2026-02-19T11:57:55,1771498675,9.400000
2026-02-19T11:57:57,1771498677,5.300000
2026-02-19T11:57:59,1771498679,4.100000
2026-02-19T11:58:01,1771498681,5.400000
2026-02-19T11:58:03,1771498683,5.000000
2026-02-19T11:58:05,1771498685,9.200000
2026-02-19T11:58:07,1771498687,5.600000
2026-02-19T11:58:09,1771498689,3.700000
2026-02-19T11:58:11,1771498691,6.400000
2026-02-19T11:58:13,1771498693,5.600000
2026-02-19T11:58:15,1771498695,15.200000
2026-02-19T11:58:17,1771498697,12.900000
2026-02-19T11:58:19,1771498699,8.800000
2026-02-19T11:58:21,1771498701,12.400000
2026-02-19T11:58:23,1771498703,12.100000
2026-02-19T11:58:25,1771498705,14.100000
2026-02-19T11:58:27,1771498707,11.100000
2026-02-19T11:58:29,1771498709,14.500000
2026-02-19T11:58:31,1771498711,11.700000
2026-02-19T11:58:33,1771498713,19.400000
2026-02-19T11:58:35,1771498715,17.000000
2026-02-19T11:58:37,1771498717,12.300000
2026-02-19T11:58:39,1771498719,14.500000
2026-02-19T11:58:41,1771498721,12.800000
2026-02-19T11:58:43,1771498723,11.900000
2026-02-19T11:58:45,1771498725,17.000000
2026-02-19T11:58:47,1771498727,16.100000
2026-02-19T11:58:49,1771498729,12.200000
2026-02-19T11:58:51,1771498731,10.700000
2026-02-19T11:58:53,1771498733,13.600000
2026-02-19T11:58:56,1771498736,13.400000
2026-02-19T11:58:58,1771498738,19.700000
2026-02-19T11:59:00,1771498740,16.100000
2026-02-19T11:59:02,1771498742,13.400000
2026-02-19T11:59:04,1771498744,12.300000
2026-02-19T11:59:06,1771498746,12.000000
2026-02-19T11:59:08,1771498748,13.600000
2026-02-19T11:59:10,1771498750,10.900000
2026-02-19T11:59:12,1771498752,11.900000
2026-02-19T11:59:14,1771498754,13.800000
2026-02-19T11:59:16,1771498756,13.500000
2026-02-19T11:59:18,1771498758,15.500000
2026-02-19T11:59:20,1771498760,17.600000
2026-02-19T11:59:22,1771498762,15.500000
2026-02-19T11:59:24,1771498764,13.800000
2026-02-19T11:59:26,1771498766,17.400000
2026-02-19T11:59:28,1771498768,11.600000
2026-02-19T11:59:30,1771498770,14.700000
2026-02-19T11:59:32,1771498772,8.300000
2026-02-19T11:59:34,1771498774,7.100000
2026-02-19T11:59:36,1771498776,7.900000
2026-02-19T11:59:38,1771498778,8.100000
2026-02-19T11:59:40,1771498780,8.000000
2026-02-19T11:59:42,1771498782,10.400000
2026-02-19T11:59:44,1771498784,9.400000
2026-02-19T11:59:46,1771498786,10.700000
2026-02-19T11:59:48,1771498788,9.800000
2026-02-19T11:59:50,1771498790,5.800000
2026-02-19T11:59:52,1771498792,8.100000
2026-02-19T11:59:54,1771498794,9.000000
2026-02-19T11:59:56,1771498796,10.900000
2026-02-19T11:59:58,1771498798,11.400000
2026-02-19T12:00:00,1771498800,7.100000
2026-02-19T12:00:02,1771498802,7.600000
2026-02-19T12:00:04,1771498804,10.900000
2026-02-19T12:00:06,1771498806,13.600000
2026-02-19T12:00:08,1771498808,12.000000
2026-02-19T12:00:10,1771498810,13.400000
2026-02-19T12:00:12,1771498812,18.100000
2026-02-19T12:00:14,1771498814,12.400000
2026-02-19T12:00:16,1771498816,13.500000
2026-02-19T12:00:18,1771498818,10.800000
2026-02-19T12:00:20,1771498820,12.000000
2026-02-19T12:00:22,1771498822,14.900000
2026-02-19T12:00:24,1771498824,12.900000
2026-02-19T12:00:26,1771498826,16.500000
2026-02-19T12:00:28,1771498828,14.700000
2026-02-19T12:00:30,1771498830,11.400000
2026-02-19T12:00:32,1771498832,12.800000
2026-02-19T12:00:34,1771498834,9.900000
2026-02-19T12:00:36,1771498836,7.900000
2026-02-19T12:00:38,1771498838,7.400000
2026-02-19T12:00:40,1771498840,9.300000
2026-02-19T12:00:42,1771498842,8.800000
2026-02-19T12:00:44,1771498844,9.000000
2026-02-19T12:00:46,1771498846,7.900000
2026-02-19T12:00:48,1771498848,7.900000
2026-02-19T12:00:50,1771498850,7.300000
2026-02-19T12:00:52,1771498852,6.300000
2026-02-19T12:00:54,1771498854,15.300000
2026-02-19T12:00:56,1771498856,8.700000
2026-02-19T12:00:58,1771498858,7.200000
2026-02-19T12:01:00,1771498860,5.800000
2026-02-19T12:01:02,1771498862,5.600000
2026-02-19T12:01:04,1771498864,5.100000
